{
  "project_info": {
    "project_number": "96078337143",
    "project_id": "bus-tracker-application-546d9",
    "storage_bucket": "bus-tracker-application-546d9.appspot.com"
  },
  "client": [
    {
      "client_info": {
        "mobilesdk_app_id": "1:96078337143:android:998c2c9abe271917902272",
        "android_client_info": {
          "package_name": "com.example.bustrackerapplication"
        }
      },
      "oauth_client": [],
      "api_key": [
        {
          "current_key": "AIzaSyAUWvr6VzOHwL-W8ROcUm4Zg4uV6ckUluY"
        }
      ],
      "services": {
        "appinvite_service": {
          "other_platform_oauth_client": []
        }
      }
    }
  ],
  "configuration_version": "1"
}